date,price
2013-04-21 00:00:00.000,1554.5
2013-04-22 00:00:00.000,1552.75
2013-04-23 00:00:00.000,1575.5
2013-04-24 00:00:00.000,1575.5
2013-04-25 00:00:00.000,1578.25
2013-04-26 00:00:00.000,1576.75
2013-04-28 00:00:00.000,1575.75
2013-04-29 00:00:00.000,1587.25
2013-04-30 00:00:00.000,1591.75
2013-05-01 00:00:00.000,1581
2013-05-02 00:00:00.000,1592.25
2013-05-03 00:00:00.000,1609
2013-05-05 00:00:00.000,1608.75
2013-05-06 00:00:00.000,1611.5
2013-05-07 00:00:00.000,1620
2013-05-08 00:00:00.000,1628
2013-05-09 00:00:00.000,1627
2013-05-10 00:00:00.000,1629.25
2013-05-12 00:00:00.000,1625.25
2013-05-13 00:00:00.000,1631.75
2013-05-14 00:00:00.000,1646.75
2013-05-15 00:00:00.000,1653.25
2013-05-16 00:00:00.000,1650.25
2013-05-17 00:00:00.000,1665
2013-05-19 00:00:00.000,1663.5
2013-05-20 00:00:00.000,1664
2013-05-21 00:00:00.000,1665.75
2013-05-22 00:00:00.000,1649.75
2013-05-23 00:00:00.000,1646.5
2013-05-24 00:00:00.000,1650
2013-05-26 00:00:00.000,1653
2013-05-27 00:00:00.000,1656
2013-05-28 00:00:00.000,1656.5
2013-05-29 00:00:00.000,1647.75
2013-05-30 00:00:00.000,1654.5
2013-05-31 00:00:00.000,1627.5
2013-06-02 00:00:00.000,1631.5
2013-06-03 00:00:00.000,1635
2013-06-04 00:00:00.000,1630
2013-06-05 00:00:00.000,1612
2013-06-06 00:00:00.000,1623
2013-06-07 00:00:00.000,1639
2013-06-09 00:00:00.000,1640.5
2013-06-10 00:00:00.000,1639.5
2013-06-11 00:00:00.000,1630.25
2013-06-12 00:00:00.000,1603.25
2013-06-13 00:00:00.000,1636
2013-06-14 00:00:00.000,1617.75
2013-06-16 00:00:00.000,1624.75
2013-06-17 00:00:00.000,1634
2013-06-18 00:00:00.000,1642.25
2013-06-19 00:00:00.000,1615.75
2013-06-20 00:00:00.000,1589.25
2013-06-21 00:00:00.000,1583.75
2013-06-23 00:00:00.000,1579
2013-06-24 00:00:00.000,1563
2013-06-25 00:00:00.000,1576
2013-06-26 00:00:00.000,1598.5
2013-06-27 00:00:00.000,1610.5
2013-06-28 00:00:00.000,1596.25
2013-06-30 00:00:00.000,1596.5
2013-07-01 00:00:00.000,1610
2013-07-02 00:00:00.000,1605.5
2013-07-03 00:00:00.000,1612
2013-07-04 00:00:00.000,1624
2013-07-05 00:00:00.000,1629.25
2013-07-07 00:00:00.000,1629
2013-07-08 00:00:00.000,1642.25
2013-07-09 00:00:00.000,1643.5
2013-07-10 00:00:00.000,1665.5
2013-07-11 00:00:00.000,1668.25
2013-07-12 00:00:00.000,1670
2013-07-14 00:00:00.000,1674.5
2013-07-15 00:00:00.000,1677.25
2013-07-16 00:00:00.000,1672
2013-07-17 00:00:00.000,1673.5
2013-07-18 00:00:00.000,1676.75
2013-07-19 00:00:00.000,1689.75
2013-07-21 00:00:00.000,1691
2013-07-22 00:00:00.000,1694.75
2013-07-23 00:00:00.000,1688
2013-07-24 00:00:00.000,1682.75
2013-07-25 00:00:00.000,1688
2013-07-26 00:00:00.000,1687
2013-07-28 00:00:00.000,1683
2013-07-29 00:00:00.000,1684.5
2013-07-30 00:00:00.000,1686
2013-07-31 00:00:00.000,1688.75
2013-08-01 00:00:00.000,1701.75
2013-08-02 00:00:00.000,1703.25
2013-08-04 00:00:00.000,1702.25
2013-08-05 00:00:00.000,1699.5
2013-08-06 00:00:00.000,1690
2013-08-07 00:00:00.000,1693
2013-08-08 00:00:00.000,1692.5
2013-08-09 00:00:00.000,1685
2013-08-11 00:00:00.000,1685
2013-08-12 00:00:00.000,1688.75
2013-08-13 00:00:00.000,1688.25
2013-08-14 00:00:00.000,1680
2013-08-15 00:00:00.000,1658.75
2013-08-16 00:00:00.000,1650.25
2013-08-18 00:00:00.000,1650.75
2013-08-19 00:00:00.000,1644.25
2013-08-20 00:00:00.000,1648
2013-08-21 00:00:00.000,1635
2013-08-22 00:00:00.000,1657.5
2013-08-23 00:00:00.000,1661.25
2013-08-25 00:00:00.000,1665.25
2013-08-26 00:00:00.000,1650.5
2013-08-27 00:00:00.000,1628.25
2013-08-28 00:00:00.000,1632.25
2013-08-29 00:00:00.000,1643
2013-08-30 00:00:00.000,1632.25
2013-09-01 00:00:00.000,1643
2013-09-02 00:00:00.000,1646.75
2013-09-03 00:00:00.000,1641.75
2013-09-04 00:00:00.000,1655.25
2013-09-05 00:00:00.000,1652.25
2013-09-06 00:00:00.000,1654
2013-09-08 00:00:00.000,1657.75
2013-09-09 00:00:00.000,1670.75
2013-09-10 00:00:00.000,1680.75
2013-09-11 00:00:00.000,1687.75
2013-09-12 00:00:00.000,1685.75
2013-09-13 00:00:00.000,1682.75
2013-09-15 00:00:00.000,1700.25
2013-09-16 00:00:00.000,1688.75
2013-09-17 00:00:00.000,1699.25
2013-09-18 00:00:00.000,1719.25
2013-09-19 00:00:00.000,1715.5
2013-09-20 00:00:00.000,1703.75
2013-09-22 00:00:00.000,1704.5
2013-09-23 00:00:00.000,1690.25
2013-09-24 00:00:00.000,1692
2013-09-25 00:00:00.000,1688.25
2013-09-26 00:00:00.000,1692.5
2013-09-27 00:00:00.000,1685.25
2013-09-29 00:00:00.000,1674.75
2013-09-30 00:00:00.000,1678.25
2013-10-01 00:00:00.000,1686.75
2013-10-02 00:00:00.000,1681.25
2013-10-03 00:00:00.000,1669
2013-10-04 00:00:00.000,1682
2013-10-06 00:00:00.000,1674
2013-10-07 00:00:00.000,1667.25
2013-10-08 00:00:00.000,1656
2013-10-09 00:00:00.000,1656.75
2013-10-10 00:00:00.000,1685.5
2013-10-11 00:00:00.000,1700
2013-10-13 00:00:00.000,1687
2013-10-14 00:00:00.000,1705.75
2013-10-15 00:00:00.000,1700.5
2013-10-16 00:00:00.000,1711.25
2013-10-17 00:00:00.000,1731.25
2013-10-18 00:00:00.000,1737
2013-10-20 00:00:00.000,1738.75
2013-10-21 00:00:00.000,1737
2013-10-22 00:00:00.000,1744
2013-10-23 00:00:00.000,1746.25
2013-10-24 00:00:00.000,1745.75
2013-10-25 00:00:00.000,1753.75
2013-10-27 00:00:00.000,1759.75
2013-10-28 00:00:00.000,1757.5
2013-10-29 00:00:00.000,1767
2013-10-30 00:00:00.000,1753.5
2013-10-31 00:00:00.000,1752.5
2013-11-01 00:00:00.000,1754
2013-11-03 00:00:00.000,1758.25
2013-11-04 00:00:00.000,1763.5
2013-11-05 00:00:00.000,1763.5
2013-11-06 00:00:00.000,1763.25
2013-11-07 00:00:00.000,1748.25
2013-11-08 00:00:00.000,1766.75
2013-11-10 00:00:00.000,1765.5
2013-11-11 00:00:00.000,1769.5
2013-11-12 00:00:00.000,1759
2013-11-13 00:00:00.000,1783.5
2013-11-14 00:00:00.000,1789.5
2013-11-15 00:00:00.000,1794.25
2013-11-17 00:00:00.000,1791.5
2013-11-18 00:00:00.000,1790.75
2013-11-19 00:00:00.000,1784.25
2013-11-20 00:00:00.000,1776.75
2013-11-21 00:00:00.000,1792.25
2013-11-22 00:00:00.000,1801.25
2013-11-24 00:00:00.000,1806.25
2013-11-25 00:00:00.000,1805.25
2013-11-26 00:00:00.000,1802
2013-11-27 00:00:00.000,1806.5
2013-11-28 00:00:00.000,1807.25
2013-11-29 00:00:00.000,1804
2013-12-01 00:00:00.000,1804.5
2013-12-02 00:00:00.000,1800
2013-12-03 00:00:00.000,1792
2013-12-04 00:00:00.000,1790
2013-12-05 00:00:00.000,1788.25
2013-12-06 00:00:00.000,1805.75
2013-12-08 00:00:00.000,1808.25
2013-12-09 00:00:00.000,1810.5
2013-12-10 00:00:00.000,1803.25
2013-12-11 00:00:00.000,1778.5
2013-12-12 00:00:00.000,1778
2013-12-13 00:00:00.000,1767.5
2013-12-15 00:00:00.000,1759.75
2013-12-16 00:00:00.000,1780.25
2013-12-17 00:00:00.000,1776.5
2013-12-18 00:00:00.000,1800.75
2013-12-19 00:00:00.000,1804.5
2013-12-20 00:00:00.000,1817.25
2013-12-22 00:00:00.000,1820.25
2013-12-23 00:00:00.000,1821.75
2013-12-24 00:00:00.000,1829.25
2013-12-26 00:00:00.000,1835.5
2013-12-27 00:00:00.000,1836.75
2013-12-29 00:00:00.000,1836
2013-12-30 00:00:00.000,1834.75
2013-12-31 00:00:00.000,1846.25
2014-01-02 00:00:00.000,1822.5
2014-01-03 00:00:00.000,1823.25
2014-01-05 00:00:00.000,1824.5
2014-01-06 00:00:00.000,1824.25
2014-01-07 00:00:00.000,1832.75
2014-01-08 00:00:00.000,1832.75
2014-01-09 00:00:00.000,1835.75
2014-01-10 00:00:00.000,1838.5
2014-01-12 00:00:00.000,1833.25
2014-01-13 00:00:00.000,1815
2014-01-14 00:00:00.000,1833
2014-01-15 00:00:00.000,1842.5
2014-01-16 00:00:00.000,1837.75
2014-01-17 00:00:00.000,1833.75
2014-01-19 00:00:00.000,1833.75
2014-01-20 00:00:00.000,1841.25
2014-01-21 00:00:00.000,1841.5
2014-01-22 00:00:00.000,1832.5
2014-01-23 00:00:00.000,1823.25
2014-01-24 00:00:00.000,1780.25
2014-01-26 00:00:00.000,1784.75
2014-01-27 00:00:00.000,1781.25
2014-01-28 00:00:00.000,1797
2014-01-29 00:00:00.000,1773.75
2014-01-30 00:00:00.000,1780.5
2014-01-31 00:00:00.000,1777
2014-02-02 00:00:00.000,1778.75
2014-02-03 00:00:00.000,1738.5
2014-02-04 00:00:00.000,1739.75
2014-02-05 00:00:00.000,1746.75
2014-02-06 00:00:00.000,1768.75
2014-02-07 00:00:00.000,1793.5
2014-02-09 00:00:00.000,1792.75
2014-02-10 00:00:00.000,1799.75
2014-02-11 00:00:00.000,1817.75
2014-02-12 00:00:00.000,1807.25
2014-02-13 00:00:00.000,1817.75
2014-02-14 00:00:00.000,1834
2014-02-16 00:00:00.000,1833.75
2014-02-17 00:00:00.000,1838.25
2014-02-18 00:00:00.000,1834.75
2014-02-19 00:00:00.000,1819.25
2014-02-20 00:00:00.000,1842.25
2014-02-21 00:00:00.000,1833.5
2014-02-23 00:00:00.000,1833.25
2014-02-24 00:00:00.000,1844.25
2014-02-25 00:00:00.000,1851.25
2014-02-26 00:00:00.000,1846
2014-02-27 00:00:00.000,1852
2014-02-28 00:00:00.000,1860.75
2014-03-02 00:00:00.000,1843.5
2014-03-03 00:00:00.000,1848.25
2014-03-04 00:00:00.000,1870
2014-03-05 00:00:00.000,1874.25
2014-03-06 00:00:00.000,1879.5
2014-03-07 00:00:00.000,1876.75
2014-03-09 00:00:00.000,1872.25
2014-03-10 00:00:00.000,1875.5
2014-03-11 00:00:00.000,1864.25
2014-03-12 00:00:00.000,1873.5
2014-03-13 00:00:00.000,1848.25
2014-03-14 00:00:00.000,1832.5
2014-03-16 00:00:00.000,1831.75
2014-03-17 00:00:00.000,1852.75
2014-03-18 00:00:00.000,1864.25
2014-03-19 00:00:00.000,1849.25
2014-03-20 00:00:00.000,1866.5
2014-03-21 00:00:00.000,1857.25
2014-03-23 00:00:00.000,1857
2014-03-24 00:00:00.000,1852.5
2014-03-25 00:00:00.000,1861.25
2014-03-26 00:00:00.000,1845.75
2014-03-27 00:00:00.000,1844.75
2014-03-28 00:00:00.000,1850
2014-03-30 00:00:00.000,1857
2014-03-31 00:00:00.000,1866
2014-04-01 00:00:00.000,1880.75
2014-04-02 00:00:00.000,1882.75
2014-04-03 00:00:00.000,1885.5
2014-04-04 00:00:00.000,1861.5
2014-04-06 00:00:00.000,1857.25
2014-04-07 00:00:00.000,1842
2014-04-08 00:00:00.000,1846.25
2014-04-09 00:00:00.000,1864.25
2014-04-10 00:00:00.000,1828.75
2014-04-11 00:00:00.000,1811.5
2014-04-13 00:00:00.000,1808.5
2014-04-14 00:00:00.000,1825.5
2014-04-15 00:00:00.000,1846
2014-04-16 00:00:00.000,1849.25
2014-04-17 00:00:00.000,1857.5
2014-04-20 00:00:00.000,1860.75
2014-04-21 00:00:00.000,1864.5
2014-04-22 00:00:00.000,1874
2014-04-23 00:00:00.000,1878.25
2014-04-24 00:00:00.000,1871.5
2014-04-25 00:00:00.000,1860.25
2014-04-27 00:00:00.000,1860.75
2014-04-28 00:00:00.000,1869
2014-04-29 00:00:00.000,1869
2014-04-30 00:00:00.000,1877
2014-05-01 00:00:00.000,1878
2014-05-02 00:00:00.000,1872.5
2014-05-04 00:00:00.000,1872.25
2014-05-05 00:00:00.000,1878.75
2014-05-06 00:00:00.000,1863.25
2014-05-07 00:00:00.000,1874.25
2014-05-08 00:00:00.000,1871.5
2014-05-09 00:00:00.000,1874.75
2014-05-11 00:00:00.000,1877.5
2014-05-12 00:00:00.000,1895
2014-05-13 00:00:00.000,1896.25
2014-05-14 00:00:00.000,1885
2014-05-15 00:00:00.000,1867
2014-05-16 00:00:00.000,1875.25
2014-05-18 00:00:00.000,1874.5
2014-05-19 00:00:00.000,1881.75
2014-05-20 00:00:00.000,1868
2014-05-21 00:00:00.000,1889.5
2014-05-22 00:00:00.000,1891.5
2014-05-23 00:00:00.000,1896.5
2014-05-25 00:00:00.000,1897.5
2014-05-26 00:00:00.000,1903.25
2014-05-27 00:00:00.000,1910
2014-05-28 00:00:00.000,1911
2014-05-29 00:00:00.000,1915.25
2014-05-30 00:00:00.000,1919
2014-06-01 00:00:00.000,1923
2014-06-02 00:00:00.000,1920.25
2014-06-03 00:00:00.000,1920.5
2014-06-04 00:00:00.000,1924.75
2014-06-05 00:00:00.000,1940.75
2014-06-06 00:00:00.000,1949.75
2014-06-08 00:00:00.000,1948.75
2014-06-09 00:00:00.000,1946.75
2014-06-10 00:00:00.000,1949
2014-06-11 00:00:00.000,1944.5
2014-06-12 00:00:00.000,1932.5
2014-06-13 00:00:00.000,1927.5
2014-06-15 00:00:00.000,1921.25
2014-06-16 00:00:00.000,1932.25
2014-06-17 00:00:00.000,1935.25
2014-06-18 00:00:00.000,1949.75
2014-06-19 00:00:00.000,1950
2014-06-20 00:00:00.000,1953.75
2014-06-22 00:00:00.000,1957.75
2014-06-23 00:00:00.000,1951
2014-06-24 00:00:00.000,1940.5
2014-06-25 00:00:00.000,1950.25
2014-06-26 00:00:00.000,1945.25
2014-06-27 00:00:00.000,1952.25
2014-06-29 00:00:00.000,1952.75
2014-06-30 00:00:00.000,1955
2014-07-01 00:00:00.000,1966
2014-07-02 00:00:00.000,1966.75
2014-07-03 00:00:00.000,1976.75
2014-07-04 00:00:00.000,1975.5
2014-07-06 00:00:00.000,1975.25
2014-07-07 00:00:00.000,1969
2014-07-08 00:00:00.000,1960.5
2014-07-09 00:00:00.000,1965
2014-07-10 00:00:00.000,1958
2014-07-11 00:00:00.000,1962.75
2014-07-13 00:00:00.000,1965.5
2014-07-14 00:00:00.000,1972.75
2014-07-15 00:00:00.000,1967.75
2014-07-16 00:00:00.000,1970.25
2014-07-17 00:00:00.000,1951
2014-07-18 00:00:00.000,1971.25
2014-07-20 00:00:00.000,1970.5
2014-07-21 00:00:00.000,1967.75
2014-07-22 00:00:00.000,1974.75
2014-07-23 00:00:00.000,1978.75
2014-07-24 00:00:00.000,1978.25
2014-07-25 00:00:00.000,1970.75
2014-07-27 00:00:00.000,1969
2014-07-28 00:00:00.000,1972.5
2014-07-29 00:00:00.000,1965.25
2014-07-30 00:00:00.000,1962.5
2014-07-31 00:00:00.000,1930
2014-08-01 00:00:00.000,1917
2014-08-03 00:00:00.000,1925.25
2014-08-04 00:00:00.000,1930.25
2014-08-05 00:00:00.000,1914
2014-08-06 00:00:00.000,1916.75
2014-08-07 00:00:00.000,1895.5
2014-08-08 00:00:00.000,1923.25
2014-08-10 00:00:00.000,1927.5
2014-08-11 00:00:00.000,1934.25
2014-08-12 00:00:00.000,1932
2014-08-13 00:00:00.000,1944.75
2014-08-14 00:00:00.000,1953
2014-08-15 00:00:00.000,1953.75
2014-08-17 00:00:00.000,1958.5
2014-08-18 00:00:00.000,1970.25
2014-08-19 00:00:00.000,1975.75
2014-08-20 00:00:00.000,1983
2014-08-21 00:00:00.000,1990.5
2014-08-22 00:00:00.000,1987.75
2014-08-24 00:00:00.000,1994.75
2014-08-25 00:00:00.000,1993.75
2014-08-26 00:00:00.000,1998.25
2014-08-27 00:00:00.000,1996.5
2014-08-28 00:00:00.000,1998.5
2014-08-29 00:00:00.000,1998.75
2014-08-31 00:00:00.000,2001.25
2014-09-01 00:00:00.000,2002.25
2014-09-02 00:00:00.000,2001.5
2014-09-03 00:00:00.000,1998.5
2014-09-04 00:00:00.000,1995.75
2014-09-05 00:00:00.000,2007.5
2014-09-07 00:00:00.000,2004.25
2014-09-08 00:00:00.000,1997
2014-09-09 00:00:00.000,1987.75
2014-09-10 00:00:00.000,1992.75
2014-09-11 00:00:00.000,1997.25
2014-09-12 00:00:00.000,1975.75
2014-09-14 00:00:00.000,1969.75
2014-09-15 00:00:00.000,1976
2014-09-16 00:00:00.000,1990
2014-09-17 00:00:00.000,1994.5
2014-09-18 00:00:00.000,2013.25
2014-09-19 00:00:00.000,2000.25
2014-09-21 00:00:00.000,1993.25
2014-09-22 00:00:00.000,1987
2014-09-23 00:00:00.000,1974.5
2014-09-24 00:00:00.000,1989.75
2014-09-25 00:00:00.000,1963.75
2014-09-26 00:00:00.000,1974.25
2014-09-28 00:00:00.000,1971
2014-09-29 00:00:00.000,1971
2014-09-30 00:00:00.000,1963.75
2014-10-01 00:00:00.000,1942.75
2014-10-02 00:00:00.000,1942.5
2014-10-03 00:00:00.000,1959.75
2014-10-05 00:00:00.000,1965.5
2014-10-06 00:00:00.000,1955.5
2014-10-07 00:00:00.000,1931.5
2014-10-08 00:00:00.000,1964.75
2014-10-09 00:00:00.000,1920
2014-10-10 00:00:00.000,1894.25
2014-10-12 00:00:00.000,1884.5
2014-10-13 00:00:00.000,1874
2014-10-14 00:00:00.000,1874.5
2014-10-15 00:00:00.000,1851.25
2014-10-16 00:00:00.000,1855.25
2014-10-17 00:00:00.000,1880.25
2014-10-19 00:00:00.000,1891
2014-10-20 00:00:00.000,1892.5
2014-10-21 00:00:00.000,1936.75
2014-10-22 00:00:00.000,1924.75
2014-10-23 00:00:00.000,1937.75
2014-10-24 00:00:00.000,1960.5
2014-10-26 00:00:00.000,1960.75
2014-10-27 00:00:00.000,1960.75
2014-10-28 00:00:00.000,1976.5
2014-10-29 00:00:00.000,1972.25
2014-10-30 00:00:00.000,1998.25
2014-10-31 00:00:00.000,2009.25
2014-11-02 00:00:00.000,2008.75
2014-11-03 00:00:00.000,2007.25
2014-11-04 00:00:00.000,2015
2014-11-05 00:00:00.000,2013.75
2014-11-06 00:00:00.000,2031.25
2014-11-07 00:00:00.000,2025.75
2014-11-09 00:00:00.000,2027.25
2014-11-10 00:00:00.000,2036.25
2014-11-11 00:00:00.000,2033.25
2014-11-12 00:00:00.000,2037.5
2014-11-13 00:00:00.000,2035.5
2014-11-14 00:00:00.000,2039.25
2014-11-16 00:00:00.000,2027.5
2014-11-17 00:00:00.000,2039.25
2014-11-18 00:00:00.000,2046
2014-11-19 00:00:00.000,2043.5
2014-11-20 00:00:00.000,2053.5
2014-11-21 00:00:00.000,2061.75
2014-11-23 00:00:00.000,2061.75
2014-11-24 00:00:00.000,2065
2014-11-25 00:00:00.000,2069.5
2014-11-26 00:00:00.000,2072.25
2014-11-27 00:00:00.000,2072.75
2014-11-28 00:00:00.000,2066.75
2014-11-30 00:00:00.000,2059.25
2014-12-01 00:00:00.000,2052.75
2014-12-02 00:00:00.000,2065.75
2014-12-03 00:00:00.000,2073.75
2014-12-04 00:00:00.000,2071.5
2014-12-05 00:00:00.000,2076.5
2014-12-07 00:00:00.000,2075.25
2014-12-08 00:00:00.000,2055
2014-12-09 00:00:00.000,2057.25
2014-12-10 00:00:00.000,2031.25
2014-12-11 00:00:00.000,2027.5
2014-12-12 00:00:00.000,1992.5
2014-12-14 00:00:00.000,1997.75
2014-12-15 00:00:00.000,1984
2014-12-16 00:00:00.000,1970.25
2014-12-17 00:00:00.000,2005.25
2014-12-18 00:00:00.000,2070.5
2014-12-19 00:00:00.000,2063.75
2014-12-21 00:00:00.000,2068.25
2014-12-22 00:00:00.000,2074.5
2014-12-23 00:00:00.000,2081.75
2014-12-24 00:00:00.000,2079
2014-12-25 00:00:00.000,2081.25
2014-12-26 00:00:00.000,2085.5
2014-12-28 00:00:00.000,2085.75
2014-12-29 00:00:00.000,2086.25
2014-12-30 00:00:00.000,2080.25
2014-12-31 00:00:00.000,2054
2015-01-01 00:00:00.000,2062.5
2015-01-02 00:00:00.000,2046.25
2015-01-04 00:00:00.000,2045.5
2015-01-05 00:00:00.000,2015.25
2015-01-06 00:00:00.000,1998.75
2015-01-07 00:00:00.000,2033.5
2015-01-08 00:00:00.000,2052.5
2015-01-09 00:00:00.000,2033.5
2015-01-11 00:00:00.000,2033.5
2015-01-12 00:00:00.000,2026.75
2015-01-13 00:00:00.000,2007.25
2015-01-14 00:00:00.000,2017.75
2015-01-15 00:00:00.000,1975
2015-01-16 00:00:00.000,2014
2015-01-18 00:00:00.000,2011.75
2015-01-19 00:00:00.000,2017.25
2015-01-20 00:00:00.000,2018.5
2015-01-21 00:00:00.000,2029.5
2015-01-22 00:00:00.000,2053.25
2015-01-23 00:00:00.000,2043.25
2015-01-25 00:00:00.000,2033.75
2015-01-26 00:00:00.000,2054.25
2015-01-27 00:00:00.000,2043.25
2015-01-28 00:00:00.000,1990.25
2015-01-29 00:00:00.000,2013.5
2015-01-30 00:00:00.000,1989.75
2015-02-01 00:00:00.000,1991
2015-02-02 00:00:00.000,2009
2015-02-03 00:00:00.000,2041.75
2015-02-04 00:00:00.000,2025.5
2015-02-05 00:00:00.000,2054.75
2015-02-06 00:00:00.000,2056
2015-02-08 00:00:00.000,2044.75
2015-02-09 00:00:00.000,2045
2015-02-10 00:00:00.000,2060.25
2015-02-11 00:00:00.000,2065
2015-02-12 00:00:00.000,2084.5
2015-02-13 00:00:00.000,2094.75
2015-02-15 00:00:00.000,2091
2015-02-16 00:00:00.000,2084
2015-02-17 00:00:00.000,2096.75
2015-02-18 00:00:00.000,2094.25
2015-02-19 00:00:00.000,2094
2015-02-20 00:00:00.000,2107.25
2015-02-22 00:00:00.000,2106.25
2015-02-23 00:00:00.000,2107.75
2015-02-24 00:00:00.000,2113.25
2015-02-25 00:00:00.000,2111.5
2015-02-26 00:00:00.000,2107.25
2015-02-27 00:00:00.000,2104.5
2015-03-01 00:00:00.000,2105
2015-03-02 00:00:00.000,2112.25
2015-03-03 00:00:00.000,2104
2015-03-04 00:00:00.000,2097.25
2015-03-05 00:00:00.000,2098.25
2015-03-06 00:00:00.000,2072.25
2015-03-08 00:00:00.000,2067.5
2015-03-09 00:00:00.000,2073
2015-03-10 00:00:00.000,2049
2015-03-11 00:00:00.000,2044.25
2015-03-12 00:00:00.000,2066.5
2015-03-13 00:00:00.000,2043.25
2015-03-15 00:00:00.000,2043.5
2015-03-16 00:00:00.000,2066.5
2015-03-17 00:00:00.000,2067.25
2015-03-18 00:00:00.000,2095.75
2015-03-19 00:00:00.000,2084
2015-03-20 00:00:00.000,2099.75
2015-03-22 00:00:00.000,2102.75
2015-03-23 00:00:00.000,2096.75
2015-03-24 00:00:00.000,2083.75
2015-03-25 00:00:00.000,2053.5
2015-03-26 00:00:00.000,2053.75
2015-03-27 00:00:00.000,2052.25
2015-03-29 00:00:00.000,2060
2015-03-30 00:00:00.000,2072
2015-03-31 00:00:00.000,2048
2015-04-01 00:00:00.000,2051.5
2015-04-02 00:00:00.000,2059.75
2015-04-03 00:00:00.000,2039.75
2015-04-05 00:00:00.000,2045.5
2015-04-06 00:00:00.000,2072
2015-04-07 00:00:00.000,2067.75
2015-04-08 00:00:00.000,2074
2015-04-09 00:00:00.000,2084.25
2015-04-10 00:00:00.000,2096
2015-04-12 00:00:00.000,2094
2015-04-13 00:00:00.000,2089.75
2015-04-14 00:00:00.000,2090.25
2015-04-15 00:00:00.000,2102.5
2015-04-16 00:00:00.000,2098
2015-04-17 00:00:00.000,2076.25
2015-04-19 00:00:00.000,2083.25
2015-04-20 00:00:00.000,2094.75
2015-04-21 00:00:00.000,2092.75
2015-04-22 00:00:00.000,2098.5
2015-04-23 00:00:00.000,2106.5
2015-04-24 00:00:00.000,2111.75
2015-04-26 00:00:00.000,2113
2015-04-27 00:00:00.000,2103.25
2015-04-28 00:00:00.000,2109.25
2015-04-29 00:00:00.000,2096.5
2015-04-30 00:00:00.000,2083
2015-05-01 00:00:00.000,2102.25
2015-05-03 00:00:00.000,2100.25
2015-05-04 00:00:00.000,2107.25
2015-05-05 00:00:00.000,2090.75
2015-05-06 00:00:00.000,2076.75
2015-05-07 00:00:00.000,2086.5
2015-05-08 00:00:00.000,2107.75
2015-05-10 00:00:00.000,2107.75
2015-05-11 00:00:00.000,2097.5
2015-05-12 00:00:00.000,2100
2015-05-13 00:00:00.000,2095.5
2015-05-14 00:00:00.000,2116.75
2015-05-15 00:00:00.000,2120
2015-05-17 00:00:00.000,2117.5
2015-05-18 00:00:00.000,2128.5
2015-05-19 00:00:00.000,2125.5
2015-05-20 00:00:00.000,2118.75
2015-05-21 00:00:00.000,2130.75
2015-05-22 00:00:00.000,2124.5
2015-05-24 00:00:00.000,2125.5
2015-05-25 00:00:00.000,2119.75
2015-05-26 00:00:00.000,2102.75
2015-05-27 00:00:00.000,2119.25
2015-05-28 00:00:00.000,2121.75
2015-05-29 00:00:00.000,2106
2015-05-31 00:00:00.000,2110
2015-06-01 00:00:00.000,2108.5
2015-06-02 00:00:00.000,2108
2015-06-03 00:00:00.000,2112.75
2015-06-04 00:00:00.000,2097.5
2015-06-05 00:00:00.000,2091.5
2015-06-07 00:00:00.000,2090.5
2015-06-08 00:00:00.000,2080.5
2015-06-09 00:00:00.000,2082.5
2015-06-10 00:00:00.000,2104.25
2015-06-11 00:00:00.000,2105.25
2015-06-12 00:00:00.000,2084.75
2015-06-14 00:00:00.000,2075.75
2015-06-15 00:00:00.000,2072.25
2015-06-16 00:00:00.000,2089.75
2015-06-17 00:00:00.000,2084.5
2015-06-18 00:00:00.000,2113.25
2015-06-19 00:00:00.000,2097
2015-06-21 00:00:00.000,2106.75
2015-06-22 00:00:00.000,2118.75
2015-06-23 00:00:00.000,2115.75
2015-06-24 00:00:00.000,2104
2015-06-25 00:00:00.000,2093.75
2015-06-26 00:00:00.000,2095.5
2015-06-28 00:00:00.000,2066
2015-06-29 00:00:00.000,2055
2015-06-30 00:00:00.000,2061.5
2015-07-01 00:00:00.000,2069.5
2015-07-02 00:00:00.000,2070
2015-07-03 00:00:00.000,2066.75
2015-07-05 00:00:00.000,2041
2015-07-06 00:00:00.000,2071.5
2015-07-07 00:00:00.000,2056.5
2015-07-08 00:00:00.000,2052
2015-07-09 00:00:00.000,2062.5
2015-07-10 00:00:00.000,2070.5
2015-07-12 00:00:00.000,2064.75
2015-07-13 00:00:00.000,2093.75
2015-07-14 00:00:00.000,2103.5
2015-07-15 00:00:00.000,2110.75
2015-07-16 00:00:00.000,2115.75
2015-07-17 00:00:00.000,2119.75
2015-07-19 00:00:00.000,2119.25
2015-07-20 00:00:00.000,2122.5
2015-07-21 00:00:00.000,2106
2015-07-22 00:00:00.000,2113.25
2015-07-23 00:00:00.000,2098
2015-07-24 00:00:00.000,2078.75
2015-07-26 00:00:00.000,2076.75
2015-07-27 00:00:00.000,2073.5
2015-07-28 00:00:00.000,2085.25
2015-07-29 00:00:00.000,2099
2015-07-30 00:00:00.000,2103
2015-07-31 00:00:00.000,2099.25
2015-08-02 00:00:00.000,2097
2015-08-03 00:00:00.000,2089.25
2015-08-04 00:00:00.000,2086.25
2015-08-05 00:00:00.000,2092
2015-08-06 00:00:00.000,2081.75
2015-08-07 00:00:00.000,2072.5
2015-08-09 00:00:00.000,2079.75
2015-08-10 00:00:00.000,2091.5
2015-08-11 00:00:00.000,2066
2015-08-12 00:00:00.000,2088.75
2015-08-13 00:00:00.000,2079.75
2015-08-14 00:00:00.000,2089.75
2015-08-16 00:00:00.000,2088
2015-08-17 00:00:00.000,2100.75
2015-08-18 00:00:00.000,2091
2015-08-19 00:00:00.000,2076
2015-08-20 00:00:00.000,2015
2015-08-21 00:00:00.000,1968.25
2015-08-23 00:00:00.000,1921.5
2015-08-24 00:00:00.000,1918.5
2015-08-25 00:00:00.000,1895.5
2015-08-26 00:00:00.000,1938.5
2015-08-27 00:00:00.000,1982
2015-08-28 00:00:00.000,1986.25
2015-08-30 00:00:00.000,1966
2015-08-31 00:00:00.000,1940
2015-09-01 00:00:00.000,1937
2015-09-02 00:00:00.000,1947.5
2015-09-03 00:00:00.000,1931.5
2015-09-04 00:00:00.000,1918.25
2015-09-06 00:00:00.000,1937
2015-09-07 00:00:00.000,1935.75
2015-09-08 00:00:00.000,1978.75
2015-09-09 00:00:00.000,1943.75
2015-09-10 00:00:00.000,1956.25
2015-09-11 00:00:00.000,1952.25
2015-09-13 00:00:00.000,1954
2015-09-14 00:00:00.000,1945.5
2015-09-15 00:00:00.000,1966.5
2015-09-16 00:00:00.000,1985.5
2015-09-17 00:00:00.000,1979.75
2015-09-18 00:00:00.000,1950.25
2015-09-20 00:00:00.000,1942.75
2015-09-21 00:00:00.000,1958.75
2015-09-22 00:00:00.000,1913.5
2015-09-23 00:00:00.000,1922.75
2015-09-24 00:00:00.000,1923.75
2015-09-25 00:00:00.000,1915.25
2015-09-27 00:00:00.000,1916.75
2015-09-28 00:00:00.000,1869.5
2015-09-29 00:00:00.000,1889.5
2015-09-30 00:00:00.000,1924.25
2015-10-01 00:00:00.000,1914.5
2015-10-02 00:00:00.000,1943
2015-10-04 00:00:00.000,1944.75
2015-10-05 00:00:00.000,1970.5
2015-10-06 00:00:00.000,1970.5
2015-10-07 00:00:00.000,1975
2015-10-08 00:00:00.000,2009.75
2015-10-09 00:00:00.000,2006.5
2015-10-11 00:00:00.000,2005.25
2015-10-12 00:00:00.000,2007.75
2015-10-13 00:00:00.000,1993.75
2015-10-14 00:00:00.000,1995.75
2015-10-15 00:00:00.000,2017.5
2015-10-16 00:00:00.000,2026.25
2015-10-18 00:00:00.000,2020.5
2015-10-19 00:00:00.000,2026
2015-10-20 00:00:00.000,2029.75
2015-10-21 00:00:00.000,2013.75
2015-10-22 00:00:00.000,2056.25
2015-10-23 00:00:00.000,2065
2015-10-25 00:00:00.000,2062
2015-10-26 00:00:00.000,2057.75
2015-10-27 00:00:00.000,2063
2015-10-28 00:00:00.000,2078.75
2015-10-29 00:00:00.000,2094
2015-10-30 00:00:00.000,2074
2015-11-01 00:00:00.000,2065.25
2015-11-02 00:00:00.000,2094
2015-11-03 00:00:00.000,2103
2015-11-04 00:00:00.000,2096.25
2015-11-05 00:00:00.000,2094.75
2015-11-06 00:00:00.000,2093.5
2015-11-08 00:00:00.000,2095.5
2015-11-09 00:00:00.000,2077
2015-11-10 00:00:00.000,2078.75
2015-11-11 00:00:00.000,2074.75
2015-11-12 00:00:00.000,2041.5
2015-11-13 00:00:00.000,2013
2015-11-15 00:00:00.000,2008.75
2015-11-16 00:00:00.000,2050.25
2015-11-17 00:00:00.000,2046.75
2015-11-18 00:00:00.000,2082.75
2015-11-19 00:00:00.000,2078.75
2015-11-20 00:00:00.000,2088.75
2015-11-22 00:00:00.000,2090.75
2015-11-23 00:00:00.000,2082.5
2015-11-24 00:00:00.000,2087.25
2015-11-25 00:00:00.000,2089.75
2015-11-26 00:00:00.000,2092
2015-11-27 00:00:00.000,2090
2015-11-29 00:00:00.000,2086.5
2015-11-30 00:00:00.000,2091.5
2015-12-01 00:00:00.000,2099.75
2015-12-02 00:00:00.000,2085
2015-12-03 00:00:00.000,2055.25
2015-12-04 00:00:00.000,2088.5
2015-12-06 00:00:00.000,2086.25
2015-12-07 00:00:00.000,2072.75
2015-12-08 00:00:00.000,2063.25
2015-12-09 00:00:00.000,2049
2015-12-10 00:00:00.000,2053.5
2015-12-11 00:00:00.000,1998.75
2015-12-13 00:00:00.000,2010.75
2015-12-14 00:00:00.000,2010.75
2015-12-15 00:00:00.000,2041.75
2015-12-16 00:00:00.000,2057
2015-12-17 00:00:00.000,2018.25
2015-12-18 00:00:00.000,1994.75
2015-12-20 00:00:00.000,2001.25
2015-12-21 00:00:00.000,2019.25
2015-12-22 00:00:00.000,2033
2015-12-23 00:00:00.000,2050.5
2015-12-24 00:00:00.000,2050.75
2015-12-27 00:00:00.000,2049.25
2015-12-28 00:00:00.000,2051.5
2015-12-29 00:00:00.000,2070.75
2015-12-30 00:00:00.000,2055.75
2015-12-31 00:00:00.000,2036
2016-01-03 00:00:00.000,2020.25
2016-01-04 00:00:00.000,2009.75
2016-01-05 00:00:00.000,1995.75
2016-01-06 00:00:00.000,1959.5
2016-01-07 00:00:00.000,1950
2016-01-08 00:00:00.000,1913.25
2016-01-10 00:00:00.000,1909.75
2016-01-11 00:00:00.000,1905.75
2016-01-12 00:00:00.000,1942
2016-01-13 00:00:00.000,1889.25
2016-01-14 00:00:00.000,1903
2016-01-15 00:00:00.000,1876.5
2016-01-17 00:00:00.000,1879.5
2016-01-18 00:00:00.000,1892.75
2016-01-19 00:00:00.000,1842.75
2016-01-20 00:00:00.000,1850.25
2016-01-21 00:00:00.000,1878.5
2016-01-22 00:00:00.000,1899.25
2016-01-24 00:00:00.000,1899.5
2016-01-25 00:00:00.000,1865.25
2016-01-26 00:00:00.000,1886.25
2016-01-27 00:00:00.000,1878.25
2016-01-28 00:00:00.000,1893.75
2016-01-29 00:00:00.000,1931.25
2016-01-31 00:00:00.000,1928
2016-02-01 00:00:00.000,1920.25
2016-02-02 00:00:00.000,1893.75
2016-02-03 00:00:00.000,1916.5
2016-02-04 00:00:00.000,1905.5
2016-02-05 00:00:00.000,1873.75
2016-02-07 00:00:00.000,1881.75
2016-02-08 00:00:00.000,1837.25
2016-02-09 00:00:00.000,1840.25
2016-02-10 00:00:00.000,1836.25
2016-02-11 00:00:00.000,1827.75
2016-02-12 00:00:00.000,1860
2016-02-14 00:00:00.000,1879.5
2016-02-15 00:00:00.000,1890.25
2016-02-16 00:00:00.000,1886.75
2016-02-17 00:00:00.000,1926.75
2016-02-18 00:00:00.000,1919.25
2016-02-19 00:00:00.000,1914.25
2016-02-21 00:00:00.000,1924.75
2016-02-22 00:00:00.000,1929.5
2016-02-23 00:00:00.000,1913.5
2016-02-24 00:00:00.000,1932
2016-02-25 00:00:00.000,1949.75
2016-02-26 00:00:00.000,1941.25
2016-02-28 00:00:00.000,1932.75
2016-02-29 00:00:00.000,1926.25
2016-03-01 00:00:00.000,1982.25
2016-03-02 00:00:00.000,1986.5
2016-03-03 00:00:00.000,1990.25
2016-03-04 00:00:00.000,1994.75
2016-03-06 00:00:00.000,1991.75
2016-03-07 00:00:00.000,1992.75
2016-03-08 00:00:00.000,1985
2016-03-09 00:00:00.000,1989.25
2016-03-10 00:00:00.000,2001.75
2016-03-11 00:00:00.000,2011.75
2016-03-13 00:00:00.000,2008
2016-03-14 00:00:00.000,2004.75
2016-03-15 00:00:00.000,2007.5
2016-03-16 00:00:00.000,2019.5
2016-03-17 00:00:00.000,2032.5
2016-03-18 00:00:00.000,2038.75
2016-03-20 00:00:00.000,2033.25
2016-03-21 00:00:00.000,2040.75
2016-03-22 00:00:00.000,2041
2016-03-23 00:00:00.000,2024.75
2016-03-24 00:00:00.000,2030.25
2016-03-27 00:00:00.000,2033.5
2016-03-28 00:00:00.000,2031
2016-03-29 00:00:00.000,2048.25
2016-03-30 00:00:00.000,2053.25
2016-03-31 00:00:00.000,2046.75
2016-04-01 00:00:00.000,2064.75
2016-04-03 00:00:00.000,2066.5
2016-04-04 00:00:00.000,2051.75
2016-04-05 00:00:00.000,2047
2016-04-06 00:00:00.000,2058.25
2016-04-07 00:00:00.000,2040.5
2016-04-08 00:00:00.000,2041.75
2016-04-10 00:00:00.000,2039.75
2016-04-11 00:00:00.000,2036.5
2016-04-12 00:00:00.000,2060.5
2016-04-13 00:00:00.000,2073.5
2016-04-14 00:00:00.000,2077
2016-04-15 00:00:00.000,2074.75
2016-04-17 00:00:00.000,2062.75
2016-04-18 00:00:00.000,2086.75
2016-04-19 00:00:00.000,2088.5
2016-04-20 00:00:00.000,2102.75
2016-04-21 00:00:00.000,2082.5
